Workbook

Sheet INSTRUÇÕES
B2: PLANILHA DE CONTROLE · IMAGENS DO ANÚNCIO · NEW PET
B3: Produtos e EANs puxados do cadastro da New Pet na Amazon em 10/10/2026.
B5: Como usar
B6: 1. Pasta no Drive | C6: Coloque esta planilha dentro da pasta "NEWPET - IMAGENS ANUNCIO" no Google Drive e abra com Google Planilhas. Na mesma pasta ficam as imagens, sem subpastas.
B7: 2. Aba ARQUIVOS | C7: Lista exata das imagens de cada produto, com o nome pronto. Ao salvar a imagem, copie o nome da coluna "Nome exato do arquivo". Quando ela estiver no Drive, marque o Status como "Na pasta".
B8: 3. Aba PRODUTOS | C8: Mostra o andamento de cada produto. "Completo?" fica SIM quando as 6 imagens obrigatórias estão na pasta. As 3 recomendadas aparecem em coluna própria.
B9: 4. Aba O QUE MOSTRAR | C9: O que mostrar em cada posição, para ração e para petiscos e higiene. Apenas consulta.
B10: 5. Avise a START | C10: Quando os produtos do lote estiverem com "Completo?" = SIM.
B12: Cores
B13: Amarelo | C13: Vocês preenchem ou escolhem (Status e Observações).
B14: Cinza | C14: Dados do cadastro e fórmulas. Não alterar: são eles que garantem que a imagem vai para o produto certo.
B16: Regras dos arquivos
B17: Nome | C17: EAN.CÓDIGO.jpg → exemplo: 7898968541504.MAIN.jpg. Use exatamente o nome da aba ARQUIVOS: sem sabor, peso, "final", "(1)" ou "cópia".
B18: Imagem | C18: JPG, 2000 × 2000 px, cores RGB, até 10 MB.
B19: Textos | C19: Não é preciso enviar textos. Título, bullets e descrição são criados pela START. De vocês, só o texto desenhado dentro das imagens.
B21: Atenção
B22: Palito 8" Rígido 10 un. | C22: Cadastrado na Amazon com código de 14 dígitos (17908591301158). Usar esse código no nome dos arquivos, exatamente como está na aba ARQUIVOS.
B23: Produto faltando? | C23: Se algum produto à venda não aparece aqui, ou um EAN não corresponde à embalagem, avise a START antes de produzir.

Sheet PRODUTOS
A1: PRODUTOS · New Pet · uma linha por produto à venda (cadastro Amazon em 10/10/2026)
A2: Cinza = cadastro e fórmulas, não alterar. O andamento é atualizado sozinho a partir do Status da aba ARQUIVOS.
A3: Nº | B3: EAN | C3: SKU | D3: ASIN | E3: Produto (cadastro Amazon) | F3: Tipo | G3: Peso / tamanho | H3: Obrigatórias na pasta (de 6) | I3: Recomendadas na pasta (de 3) | J3: Completo? | K3: Observações
A4: 1 | B4: 7898968541504 | C4: 7898968541504 | D4: B0H7LGC65H | E4: New Dots Ração Seca Premium para Cães Adultos - 15 kg | F4: Ração | G4: 15 kg | H4: =COUNTIFS(ARQUIVOS!$A:$A,$B4,ARQUIVOS!$I:$I,"SIM",ARQUIVOS!$J:$J,"Na pasta") -> 0 | I4: =COUNTIFS(ARQUIVOS!$A:$A,$B4,ARQUIVOS!$I:$I,"Recomendada",ARQUIVOS!$J:$J,"Na pasta") -> 0 | J4: =IF(H4>=COUNTIFS(ARQUIVOS!$A:$A,$B4,ARQUIVOS!$I:$I,"SIM"),"SIM","NÃO") -> NÃO
A5: 2 | B5: 7908591301144 | C5: 7908591301144 | D5: B0H7L955P6 | E5: New Dots Ração Seca Premium para Cães Adultos - 10,1 kg | F5: Ração | G5: 10,1 kg | H5: =COUNTIFS(ARQUIVOS!$A:$A,$B5,ARQUIVOS!$I:$I,"SIM",ARQUIVOS!$J:$J,"Na pasta") -> 0 | I5: =COUNTIFS(ARQUIVOS!$A:$A,$B5,ARQUIVOS!$I:$I,"Recomendada",ARQUIVOS!$J:$J,"Na pasta") -> 0 | J5: =IF(H5>=COUNTIFS(ARQUIVOS!$A:$A,$B5,ARQUIVOS!$I:$I,"SIM"),"SIM","NÃO") -> NÃO
A6: 3 | B6: 7898968541467 | C6: 7898968541467 | D6: B0H7KXDGD7 | E6: New Dots Ração Seca Premium para Cães Adultos - 5 kg | F6: Ração | G6: 5 kg | H6: =COUNTIFS(ARQUIVOS!$A:$A,$B6,ARQUIVOS!$I:$I,"SIM",ARQUIVOS!$J:$J,"Na pasta") -> 0 | I6: =COUNTIFS(ARQUIVOS!$A:$A,$B6,ARQUIVOS!$I:$I,"Recomendada",ARQUIVOS!$J:$J,"Na pasta") -> 0 | J6: =IF(H6>=COUNTIFS(ARQUIVOS!$A:$A,$B6,ARQUIVOS!$I:$I,"SIM"),"SIM","NÃO") -> NÃO
A7: 4 | B7: 7898968541450 | C7: 7898968541450 | D7: B0H7KWY5KT | E7: New Dots Ração Seca Premium para Cães Adultos - 1 kg | F7: Ração | G7: 1 kg | H7: =COUNTIFS(ARQUIVOS!$A:$A,$B7,ARQUIVOS!$I:$I,"SIM",ARQUIVOS!$J:$J,"Na pasta") -> 0 | I7: =COUNTIFS(ARQUIVOS!$A:$A,$B7,ARQUIVOS!$I:$I,"Recomendada",ARQUIVOS!$J:$J,"Na pasta") -> 0 | J7: =IF(H7>=COUNTIFS(ARQUIVOS!$A:$A,$B7,ARQUIVOS!$I:$I,"SIM"),"SIM","NÃO") -> NÃO
A8: 5 | B8: 7898968541535 | C8: 7898968541535 | D8: B0H7LGV2SK | E8: New Dots Ração Seca Premium para Cães Adultos de Raças Pequenas - 20 kg | F8: Ração | G8: 20 kg | H8: =COUNTIFS(ARQUIVOS!$A:$A,$B8,ARQUIVOS!$I:$I,"SIM",ARQUIVOS!$J:$J,"Na pasta") -> 0 | I8: =COUNTIFS(ARQUIVOS!$A:$A,$B8,ARQUIVOS!$I:$I,"Recomendada",ARQUIVOS!$J:$J,"Na pasta") -> 0 | J8: =IF(H8>=COUNTIFS(ARQUIVOS!$A:$A,$B8,ARQUIVOS!$I:$I,"SIM"),"SIM","NÃO") -> NÃO
A9: 6 | B9: 7898968541528 | C9: 7898968541528 | D9: B0H7KZH2XV | E9: New Dots Ração Seca Premium para Cães Adultos de Raças Pequenas - 5 kg | F9: Ração | G9: 5 kg | H9: =COUNTIFS(ARQUIVOS!$A:$A,$B9,ARQUIVOS!$I:$I,"SIM",ARQUIVOS!$J:$J,"Na pasta") -> 0 | I9: =COUNTIFS(ARQUIVOS!$A:$A,$B9,ARQUIVOS!$I:$I,"Recomendada",ARQUIVOS!$J:$J,"Na pasta") -> 0 | J9: =IF(H9>=COUNTIFS(ARQUIVOS!$A:$A,$B9,ARQUIVOS!$I:$I,"SIM"),"SIM","NÃO") -> NÃO
A10: 7 | B10: 7898968541511 | C10: 7898968541511 | D10: B0H7KZFSLZ | E10: New Dots Ração Seca Premium para Cães Adultos de Raças Pequenas - 1 kg | F10: Ração | G10: 1 kg | H10: =COUNTIFS(ARQUIVOS!$A:$A,$B10,ARQUIVOS!$I:$I,"SIM",ARQUIVOS!$J:$J,"Na pasta") -> 0 | I10: =COUNTIFS(ARQUIVOS!$A:$A,$B10,ARQUIVOS!$I:$I,"Recomendada",ARQUIVOS!$J:$J,"Na pasta") -> 0 | J10: =IF(H10>=COUNTIFS(ARQUIVOS!$A:$A,$B10,ARQUIVOS!$I:$I,"SIM"),"SIM","NÃO") -> NÃO
A11: 8 | B11: 7898968541566 | C11: 7898968541566 | D11: B0H7L1QMMZ | E11: New Dots Ração Seca Premium para Cães Filhotes - 20 kg | F11: Ração | G11: 20 kg | H11: =COUNTIFS(ARQUIVOS!$A:$A,$B11,ARQUIVOS!$I:$I,"SIM",ARQUIVOS!$J:$J,"Na pasta") -> 0 | I11: =COUNTIFS(ARQUIVOS!$A:$A,$B11,ARQUIVOS!$I:$I,"Recomendada",ARQUIVOS!$J:$J,"Na pasta") -> 0 | J11: =IF(H11>=COUNTIFS(ARQUIVOS!$A:$A,$B11,ARQUIVOS!$I:$I,"SIM"),"SIM","NÃO") -> NÃO
A12: 9 | B12: 7898968541559 | C12: 7898968541559 | D12: B0H7LG9LK2 | E12: New Dots Ração Seca Premium para Cães Filhotes - 5 kg | F12: Ração | G12: 5 kg | H12: =COUNTIFS(ARQUIVOS!$A:$A,$B12,ARQUIVOS!$I:$I,"SIM",ARQUIVOS!$J:$J,"Na pasta") -> 0 | I12: =COUNTIFS(ARQUIVOS!$A:$A,$B12,ARQUIVOS!$I:$I,"Recomendada",ARQUIVOS!$J:$J,"Na pasta") -> 0 | J12: =IF(H12>=COUNTIFS(ARQUIVOS!$A:$A,$B12,ARQUIVOS!$I:$I,"SIM"),"SIM","NÃO") -> NÃO
A13: 10 | B13: 7898968541542 | C13: 7898968541542 | D13: B0H7L3BHLH | E13: New Dots Ração Seca Premium para Cães Filhotes - 1 kg | F13: Ração | G13: 1 kg | H13: =COUNTIFS(ARQUIVOS!$A:$A,$B13,ARQUIVOS!$I:$I,"SIM",ARQUIVOS!$J:$J,"Na pasta") -> 0 | I13: =COUNTIFS(ARQUIVOS!$A:$A,$B13,ARQUIVOS!$I:$I,"Recomendada",ARQUIVOS!$J:$J,"Na pasta") -> 0 | J13: =IF(H13>=COUNTIFS(ARQUIVOS!$A:$A,$B13,ARQUIVOS!$I:$I,"SIM"),"SIM","NÃO") -> NÃO
A14: 11 | B14: 7898968541597 | C14: 7898968541597 | D14: B0H7LG5GWZ | E14: New Dots Ração Seca Premium para Gatos Adultos - 20 kg | F14: Ração | G14: 20 kg | H14: =COUNTIFS(ARQUIVOS!$A:$A,$B14,ARQUIVOS!$I:$I,"SIM",ARQUIVOS!$J:$J,"Na pasta") -> 0 | I14: =COUNTIFS(ARQUIVOS!$A:$A,$B14,ARQUIVOS!$I:$I,"Recomendada",ARQUIVOS!$J:$J,"Na pasta") -> 0 | J14: =IF(H14>=COUNTIFS(ARQUIVOS!$A:$A,$B14,ARQUIVOS!$I:$I,"SIM"),"SIM","NÃO") -> NÃO
A15: 12 | B15: 7898968541573 | C15: 7898968541573 | D15: B0H7LD2TGC | E15: New Dots Ração Seca Premium para Gatos Adultos - 1 kg | F15: Ração | G15: 1 kg | H15: =COUNTIFS(ARQUIVOS!$A:$A,$B15,ARQUIVOS!$I:$I,"SIM",ARQUIVOS!$J:$J,"Na pasta") -> 0 | I15: =COUNTIFS(ARQUIVOS!$A:$A,$B15,ARQUIVOS!$I:$I,"Recomendada",ARQUIVOS!$J:$J,"Na pasta") -> 0 | J15: =IF(H15>=COUNTIFS(ARQUIVOS!$A:$A,$B15,ARQUIVOS!$I:$I,"SIM"),"SIM","NÃO") -> NÃO
... A50: 47 | B50: 7908591300734 | C50: 1827 | D50: B0H9K92VM1 | E50: Nuggets Recheados Gatos New Dots Dental 40 g | F50: Petisco | G50: 40 g | H50: =COUNTIFS(ARQUIVOS!$A:$A,$B50,ARQUIVOS!$I:$I,"SIM",ARQUIVOS!$J:$J,"Na pasta") -> 0 | I50: =COUNTIFS(ARQUIVOS!$A:$A,$B50,ARQUIVOS!$I:$I,"Recomendada",ARQUIVOS!$J:$J,"Na pasta") -> 0 | J50: =IF(H50>=COUNTIFS(ARQUIVOS!$A:$A,$B50,ARQUIVOS!$I:$I,"SIM"),"SIM","NÃO") -> NÃO
A51: 48 | B51: 17908591301158 | C51: 1238 | D51: B0H9JXY85F | E51: Palito 8 “ Rígido Natural Dots Encartelado 10 un | F51: Petisco | G51: 10 un. | H51: =COUNTIFS(ARQUIVOS!$A:$A,$B51,ARQUIVOS!$I:$I,"SIM",ARQUIVOS!$J:$J,"Na pasta") -> 0 | I51: =COUNTIFS(ARQUIVOS!$A:$A,$B51,ARQUIVOS!$I:$I,"Recomendada",ARQUIVOS!$J:$J,"Na pasta") -> 0 | J51: =IF(H51>=COUNTIFS(ARQUIVOS!$A:$A,$B51,ARQUIVOS!$I:$I,"SIM"),"SIM","NÃO") -> NÃO | K51: Código de 14 dígitos no cadastro: usar exatamente este nos arquivos
A52: 49 | B52: 7908591301168 | C52: 1329 | D52: B0H9K3MWC2 | E52: Palito 8 ” Rígido Bacon Natural Dots Encartelado 10 un | F52: Petisco | G52: 10 un. | H52: =COUNTIFS(ARQUIVOS!$A:$A,$B52,ARQUIVOS!$I:$I,"SIM",ARQUIVOS!$J:$J,"Na pasta") -> 0 | I52: =COUNTIFS(ARQUIVOS!$A:$A,$B52,ARQUIVOS!$I:$I,"Recomendada",ARQUIVOS!$J:$J,"Na pasta") -> 0 | J52: =IF(H52>=COUNTIFS(ARQUIVOS!$A:$A,$B52,ARQUIVOS!$I:$I,"SIM"),"SIM","NÃO") -> NÃO
A53: 50 | B53: 7908591301113 | C53: 1326 | D53: B0H9K6XW3G | E53: Palito Flex Natural Dots Hortelã 70 g | F53: Petisco | G53: 70 g | H53: =COUNTIFS(ARQUIVOS!$A:$A,$B53,ARQUIVOS!$I:$I,"SIM",ARQUIVOS!$J:$J,"Na pasta") -> 0 | I53: =COUNTIFS(ARQUIVOS!$A:$A,$B53,ARQUIVOS!$I:$I,"Recomendada",ARQUIVOS!$J:$J,"Na pasta") -> 0 | J53: =IF(H53>=COUNTIFS(ARQUIVOS!$A:$A,$B53,ARQUIVOS!$I:$I,"SIM"),"SIM","NÃO") -> NÃO
A54: 51 | B54: 7908591301120 | C54: 1325 | D54: B0H9K1D2MQ | E54: Palito Flex Natural Dots Leite 70 g | F54: Petisco | G54: 70 g | H54: =COUNTIFS(ARQUIVOS!$A:$A,$B54,ARQUIVOS!$I:$I,"SIM",ARQUIVOS!$J:$J,"Na pasta") -> 0 | I54: =COUNTIFS(ARQUIVOS!$A:$A,$B54,ARQUIVOS!$I:$I,"Recomendada",ARQUIVOS!$J:$J,"Na pasta") -> 0 | J54: =IF(H54>=COUNTIFS(ARQUIVOS!$A:$A,$B54,ARQUIVOS!$I:$I,"SIM"),"SIM","NÃO") -> NÃO
A55: 52 | B55: 7908591301137 | C55: 1327 | D55: B0H9K7WC5G | E55: Palito Flex Natural Dots Maracujá 70 g | F55: Petisco | G55: 70 g | H55: =COUNTIFS(ARQUIVOS!$A:$A,$B55,ARQUIVOS!$I:$I,"SIM",ARQUIVOS!$J:$J,"Na pasta") -> 0 | I55: =COUNTIFS(ARQUIVOS!$A:$A,$B55,ARQUIVOS!$I:$I,"Recomendada",ARQUIVOS!$J:$J,"Na pasta") -> 0 | J55: =IF(H55>=COUNTIFS(ARQUIVOS!$A:$A,$B55,ARQUIVOS!$I:$I,"SIM"),"SIM","NÃO") -> NÃO
A56: 53 | B56: 7908591300239 | C56: 1202 | D56: B0FH338CT4 | E56: Granulado Higiênico de Madeira Natural Dots para Pets - Pacote 20 kg | F56: Higiene | G56: 20 kg | H56: =COUNTIFS(ARQUIVOS!$A:$A,$B56,ARQUIVOS!$I:$I,"SIM",ARQUIVOS!$J:$J,"Na pasta") -> 0 | I56: =COUNTIFS(ARQUIVOS!$A:$A,$B56,ARQUIVOS!$I:$I,"Recomendada",ARQUIVOS!$J:$J,"Na pasta") -> 0 | J56: =IF(H56>=COUNTIFS(ARQUIVOS!$A:$A,$B56,ARQUIVOS!$I:$I,"SIM"),"SIM","NÃO") -> NÃO
A57: 54 | B57: 7908591300482 | C57: 1211 | D57: B0FH34NXMB | E57: Granulado Higiênico de Madeira Natural Dots para Pets - Pacote 10 kg | F57: Higiene | G57: 10 kg | H57: =COUNTIFS(ARQUIVOS!$A:$A,$B57,ARQUIVOS!$I:$I,"SIM",ARQUIVOS!$J:$J,"Na pasta") -> 0 | I57: =COUNTIFS(ARQUIVOS!$A:$A,$B57,ARQUIVOS!$I:$I,"Recomendada",ARQUIVOS!$J:$J,"Na pasta") -> 0 | J57: =IF(H57>=COUNTIFS(ARQUIVOS!$A:$A,$B57,ARQUIVOS!$I:$I,"SIM"),"SIM","NÃO") -> NÃO
A58: 55 | B58: 7908591300024 | C58: 1210 | D58: B0FH33F6XS | E58: Granulado Higiênico de Madeira Natural Dots para Pets - Pacote 2 kg | F58: Higiene | G58: 2 kg | H58: =COUNTIFS(ARQUIVOS!$A:$A,$B58,ARQUIVOS!$I:$I,"SIM",ARQUIVOS!$J:$J,"Na pasta") -> 0 | I58: =COUNTIFS(ARQUIVOS!$A:$A,$B58,ARQUIVOS!$I:$I,"Recomendada",ARQUIVOS!$J:$J,"Na pasta") -> 0 | J58: =IF(H58>=COUNTIFS(ARQUIVOS!$A:$A,$B58,ARQUIVOS!$I:$I,"SIM"),"SIM","NÃO") -> NÃO
A59: 56 | B59: 7898968541924 | C59: 1209 | D59: B0F3V344Y5 | E59: Granulado Sanitário Natural Dots de Bentonita Perfumada - Pacote 4 kg | F59: Higiene | G59: 4 kg | H59: =COUNTIFS(ARQUIVOS!$A:$A,$B59,ARQUIVOS!$I:$I,"SIM",ARQUIVOS!$J:$J,"Na pasta") -> 0 | I59: =COUNTIFS(ARQUIVOS!$A:$A,$B59,ARQUIVOS!$I:$I,"Recomendada",ARQUIVOS!$J:$J,"Na pasta") -> 0 | J59: =IF(H59>=COUNTIFS(ARQUIVOS!$A:$A,$B59,ARQUIVOS!$I:$I,"SIM"),"SIM","NÃO") -> NÃO
A60: 57 | B60: 7908591300185 | C60: 1208 | D60: B0FH33JK77 | E60: Granulado Sanitário de Bentonita Natural Dots para Pets - Pacote 4 kg | F60: Higiene | G60: 4 kg | H60: =COUNTIFS(ARQUIVOS!$A:$A,$B60,ARQUIVOS!$I:$I,"SIM",ARQUIVOS!$J:$J,"Na pasta") -> 0 | I60: =COUNTIFS(ARQUIVOS!$A:$A,$B60,ARQUIVOS!$I:$I,"Recomendada",ARQUIVOS!$J:$J,"Na pasta") -> 0 | J60: =IF(H60>=COUNTIFS(ARQUIVOS!$A:$A,$B60,ARQUIVOS!$I:$I,"SIM"),"SIM","NÃO") -> NÃO
A61: 58 | B61: 7908591300840 | C61: 2000 | D61: B0FH34P5ZZ | E61: Kit Porta Cata Caca Natural Dots com 4 Refis Biodegradáveis | F61: Higiene | G61: 4 un. | H61: =COUNTIFS(ARQUIVOS!$A:$A,$B61,ARQUIVOS!$I:$I,"SIM",ARQUIVOS!$J:$J,"Na pasta") -> 0 | I61: =COUNTIFS(ARQUIVOS!$A:$A,$B61,ARQUIVOS!$I:$I,"Recomendada",ARQUIVOS!$J:$J,"Na pasta") -> 0 | J61: =IF(H61>=COUNTIFS(ARQUIVOS!$A:$A,$B61,ARQUIVOS!$I:$I,"SIM"),"SIM","NÃO") -> NÃO
A62: 59 | B62: 7908591300857 | C62: 2001 | D62: B0FH33K7VX | E62: Refil Cata Caca Biodegradável Natural Dots com 3 Unidades | F62: Higiene | G62: 3 un. | H62: =COUNTIFS(ARQUIVOS!$A:$A,$B62,ARQUIVOS!$I:$I,"SIM",ARQUIVOS!$J:$J,"Na pasta") -> 0 | I62: =COUNTIFS(ARQUIVOS!$A:$A,$B62,ARQUIVOS!$I:$I,"Recomendada",ARQUIVOS!$J:$J,"Na pasta") -> 0 | J62: =IF(H62>=COUNTIFS(ARQUIVOS!$A:$A,$B62,ARQUIVOS!$I:$I,"SIM"),"SIM","NÃO") -> NÃO
A63: 60 | B63: 7898968541979 | C63: 1231 | D63: B0FH33ZPNW | E63: Tapete Higiênico Natural Dots Super Premium 80 x 60 cm com 7 Unidades | F63: Higiene | G63: 7 un. | H63: =COUNTIFS(ARQUIVOS!$A:$A,$B63,ARQUIVOS!$I:$I,"SIM",ARQUIVOS!$J:$J,"Na pasta") -> 0 | I63: =COUNTIFS(ARQUIVOS!$A:$A,$B63,ARQUIVOS!$I:$I,"Recomendada",ARQUIVOS!$J:$J,"Na pasta") -> 0 | J63: =IF(H63>=COUNTIFS(ARQUIVOS!$A:$A,$B63,ARQUIVOS!$I:$I,"SIM"),"SIM","NÃO") -> NÃO

Sheet ARQUIVOS
A1: ARQUIVOS · lista exata de imagens do anúncio por produto
A2: Copie o nome da coluna E ao salvar a imagem e marque o Status "Na pasta" quando ela estiver no Drive.
A3: EAN | B3: Produto | C3: Peso / tamanho | D3: Código | E3: Nome exato do arquivo | F3: Onde entra | G3: O que mostrar | H3: Tamanho (px) | I3: Obrigatória? | J3: Status | K3: Observações
A4: 7898968541504 | B4: =INDEX(PRODUTOS!$E$4:$E$63,MATCH($A4,PRODUTOS!$B$4:$B$63,0)) -> New Dots Ração Seca Premium para Cães Adultos - 15 kg | C4: =INDEX(PRODUTOS!$G$4:$G$63,MATCH($A4,PRODUTOS!$B$4:$B$63,0)) -> 15 kg | D4: MAIN | E4: =$A4&"."&$D4&".jpg" -> 7898968541504.MAIN.jpg | F4: =INDEX('O QUE MOSTRAR'!$B$4:$B$12,MATCH($D4,'O QUE MOSTRAR'!$A$4:$A$12,0)) -> Capa (posição 1) | G4: =IF(INDEX(PRODUTOS!$F$4:$F$63,MATCH($A4,PRODUTOS!$B$4:$B$63,0))="Ração",INDEX('O QUE MOSTRAR'!$C$4:$C$12,MATCH($D4,'O QUE MOSTRAR'!$A$4:$A$12,0)),INDEX('O QUE MOSTRAR'!$D$4:$D$12,MATCH($D4,'O QUE MOSTRAR'!$A$4:$A$12,0))) -> Embalagem de frente, fundo branco puro, 85% da área, nada adicionado | H4: =INDEX('O QUE MOSTRAR'!$E$4:$E$12,MATCH($D4,'O QUE MOSTRAR'!$A$4:$A$12,0)) -> 2000 × 2000 | I4: =INDEX('O QUE MOSTRAR'!$F$4:$F$12,MATCH($D4,'O QUE MOSTRAR'!$A$4:$A$12,0)) -> SIM | J4: Pendente
A5: 7898968541504 | B5: =INDEX(PRODUTOS!$E$4:$E$63,MATCH($A5,PRODUTOS!$B$4:$B$63,0)) -> New Dots Ração Seca Premium para Cães Adultos - 15 kg | C5: =INDEX(PRODUTOS!$G$4:$G$63,MATCH($A5,PRODUTOS!$B$4:$B$63,0)) -> 15 kg | D5: PT01 | E5: =$A5&"."&$D5&".jpg" -> 7898968541504.PT01.jpg | F5: =INDEX('O QUE MOSTRAR'!$B$4:$B$12,MATCH($D5,'O QUE MOSTRAR'!$A$4:$A$12,0)) -> Posição 2 | G5: =IF(INDEX(PRODUTOS!$F$4:$F$63,MATCH($A5,PRODUTOS!$B$4:$B$63,0))="Ração",INDEX('O QUE MOSTRAR'!$C$4:$C$12,MATCH($D5,'O QUE MOSTRAR'!$A$4:$A$12,0)),INDEX('O QUE MOSTRAR'!$D$4:$D$12,MATCH($D5,'O QUE MOSTRAR'!$A$4:$A$12,0))) -> Grande diferencial da linha (número ou promessa forte + grão e ingrediente) | H5: =INDEX('O QUE MOSTRAR'!$E$4:$E$12,MATCH($D5,'O QUE MOSTRAR'!$A$4:$A$12,0)) -> 2000 × 2000 | I5: =INDEX('O QUE MOSTRAR'!$F$4:$F$12,MATCH($D5,'O QUE MOSTRAR'!$A$4:$A$12,0)) -> SIM | J5: Pendente
A6: 7898968541504 | B6: =INDEX(PRODUTOS!$E$4:$E$63,MATCH($A6,PRODUTOS!$B$4:$B$63,0)) -> New Dots Ração Seca Premium para Cães Adultos - 15 kg | C6: =INDEX(PRODUTOS!$G$4:$G$63,MATCH($A6,PRODUTOS!$B$4:$B$63,0)) -> 15 kg | D6: PT02 | E6: =$A6&"."&$D6&".jpg" -> 7898968541504.PT02.jpg | F6: =INDEX('O QUE MOSTRAR'!$B$4:$B$12,MATCH($D6,'O QUE MOSTRAR'!$A$4:$A$12,0)) -> Posição 3 | G6: =IF(INDEX(PRODUTOS!$F$4:$F$63,MATCH($A6,PRODUTOS!$B$4:$B$63,0))="Ração",INDEX('O QUE MOSTRAR'!$C$4:$C$12,MATCH($D6,'O QUE MOSTRAR'!$A$4:$A$12,0)),INDEX('O QUE MOSTRAR'!$D$4:$D$12,MATCH($D6,'O QUE MOSTRAR'!$A$4:$A$12,0))) -> Benefícios com ícones (4 a 6, impressos na embalagem) + ingrediente | H6: =INDEX('O QUE MOSTRAR'!$E$4:$E$12,MATCH($D6,'O QUE MOSTRAR'!$A$4:$A$12,0)) -> 2000 × 2000 | I6: =INDEX('O QUE MOSTRAR'!$F$4:$F$12,MATCH($D6,'O QUE MOSTRAR'!$A$4:$A$12,0)) -> SIM | J6: Pendente
A7: 7898968541504 | B7: =INDEX(PRODUTOS!$E$4:$E$63,MATCH($A7,PRODUTOS!$B$4:$B$63,0)) -> New Dots Ração Seca Premium para Cães Adultos - 15 kg | C7: =INDEX(PRODUTOS!$G$4:$G$63,MATCH($A7,PRODUTOS!$B$4:$B$63,0)) -> 15 kg | D7: PT03 | E7: =$A7&"."&$D7&".jpg" -> 7898968541504.PT03.jpg | F7: =INDEX('O QUE MOSTRAR'!$B$4:$B$12,MATCH($D7,'O QUE MOSTRAR'!$A$4:$A$12,0)) -> Posição 4 | G7: =IF(INDEX(PRODUTOS!$F$4:$F$63,MATCH($A7,PRODUTOS!$B$4:$B$63,0))="Ração",INDEX('O QUE MOSTRAR'!$C$4:$C$12,MATCH($D7,'O QUE MOSTRAR'!$A$4:$A$12,0)),INDEX('O QUE MOSTRAR'!$D$4:$D$12,MATCH($D7,'O QUE MOSTRAR'!$A$4:$A$12,0))) -> Formato e tamanho do grão, com medida em mm e referência de tamanho | H7: =INDEX('O QUE MOSTRAR'!$E$4:$E$12,MATCH($D7,'O QUE MOSTRAR'!$A$4:$A$12,0)) -> 2000 × 2000 | I7: =INDEX('O QUE MOSTRAR'!$F$4:$F$12,MATCH($D7,'O QUE MOSTRAR'!$A$4:$A$12,0)) -> SIM | J7: Pendente
A8: 7898968541504 | B8: =INDEX(PRODUTOS!$E$4:$E$63,MATCH($A8,PRODUTOS!$B$4:$B$63,0)) -> New Dots Ração Seca Premium para Cães Adultos - 15 kg | C8: =INDEX(PRODUTOS!$G$4:$G$63,MATCH($A8,PRODUTOS!$B$4:$B$63,0)) -> 15 kg | D8: PT04 | E8: =$A8&"."&$D8&".jpg" -> 7898968541504.PT04.jpg | F8: =INDEX('O QUE MOSTRAR'!$B$4:$B$12,MATCH($D8,'O QUE MOSTRAR'!$A$4:$A$12,0)) -> Posição 5 | G8: =IF(INDEX(PRODUTOS!$F$4:$F$63,MATCH($A8,PRODUTOS!$B$4:$B$63,0))="Ração",INDEX('O QUE MOSTRAR'!$C$4:$C$12,MATCH($D8,'O QUE MOSTRAR'!$A$4:$A$12,0)),INDEX('O QUE MOSTRAR'!$D$4:$D$12,MATCH($D8,'O QUE MOSTRAR'!$A$4:$A$12,0))) -> Quantidade diária por peso do pet (números idênticos à embalagem) | H8: =INDEX('O QUE MOSTRAR'!$E$4:$E$12,MATCH($D8,'O QUE MOSTRAR'!$A$4:$A$12,0)) -> 2000 × 2000 | I8: =INDEX('O QUE MOSTRAR'!$F$4:$F$12,MATCH($D8,'O QUE MOSTRAR'!$A$4:$A$12,0)) -> SIM | J8: Pendente
A9: 7898968541504 | B9: =INDEX(PRODUTOS!$E$4:$E$63,MATCH($A9,PRODUTOS!$B$4:$B$63,0)) -> New Dots Ração Seca Premium para Cães Adultos - 15 kg | C9: =INDEX(PRODUTOS!$G$4:$G$63,MATCH($A9,PRODUTOS!$B$4:$B$63,0)) -> 15 kg | D9: PT05 | E9: =$A9&"."&$D9&".jpg" -> 7898968541504.PT05.jpg | F9: =INDEX('O QUE MOSTRAR'!$B$4:$B$12,MATCH($D9,'O QUE MOSTRAR'!$A$4:$A$12,0)) -> Posição 6 | G9: =IF(INDEX(PRODUTOS!$F$4:$F$63,MATCH($A9,PRODUTOS!$B$4:$B$63,0))="Ração",INDEX('O QUE MOSTRAR'!$C$4:$C$12,MATCH($D9,'O QUE MOSTRAR'!$A$4:$A$12,0)),INDEX('O QUE MOSTRAR'!$D$4:$D$12,MATCH($D9,'O QUE MOSTRAR'!$A$4:$A$12,0))) -> Transição alimentar dia a dia (igual ao verso da embalagem) | H9: =INDEX('O QUE MOSTRAR'!$E$4:$E$12,MATCH($D9,'O QUE MOSTRAR'!$A$4:$A$12,0)) -> 2000 × 2000 | I9: =INDEX('O QUE MOSTRAR'!$F$4:$F$12,MATCH($D9,'O QUE MOSTRAR'!$A$4:$A$12,0)) -> Recomendada | J9: Pendente
A10: 7898968541504 | B10: =INDEX(PRODUTOS!$E$4:$E$63,MATCH($A10,PRODUTOS!$B$4:$B$63,0)) -> New Dots Ração Seca Premium para Cães Adultos - 15 kg | C10: =INDEX(PRODUTOS!$G$4:$G$63,MATCH($A10,PRODUTOS!$B$4:$B$63,0)) -> 15 kg | D10: PT06 | E10: =$A10&"."&$D10&".jpg" -> 7898968541504.PT06.jpg | F10: =INDEX('O QUE MOSTRAR'!$B$4:$B$12,MATCH($D10,'O QUE MOSTRAR'!$A$4:$A$12,0)) -> Posição 7 | G10: =IF(INDEX(PRODUTOS!$F$4:$F$63,MATCH($A10,PRODUTOS!$B$4:$B$63,0))="Ração",INDEX('O QUE MOSTRAR'!$C$4:$C$12,MATCH($D10,'O QUE MOSTRAR'!$A$4:$A$12,0)),INDEX('O QUE MOSTRAR'!$D$4:$D$12,MATCH($D10,'O QUE MOSTRAR'!$A$4:$A$12,0))) -> Composição e níveis de garantia em letra grande | H10: =INDEX('O QUE MOSTRAR'!$E$4:$E$12,MATCH($D10,'O QUE MOSTRAR'!$A$4:$A$12,0)) -> 2000 × 2000 | I10: =INDEX('O QUE MOSTRAR'!$F$4:$F$12,MATCH($D10,'O QUE MOSTRAR'!$A$4:$A$12,0)) -> SIM | J10: Pendente
A11: 7898968541504 | B11: =INDEX(PRODUTOS!$E$4:$E$63,MATCH($A11,PRODUTOS!$B$4:$B$63,0)) -> New Dots Ração Seca Premium para Cães Adultos - 15 kg | C11: =INDEX(PRODUTOS!$G$4:$G$63,MATCH($A11,PRODUTOS!$B$4:$B$63,0)) -> 15 kg | D11: PT07 | E11: =$A11&"."&$D11&".jpg" -> 7898968541504.PT07.jpg | F11: =INDEX('O QUE MOSTRAR'!$B$4:$B$12,MATCH($D11,'O QUE MOSTRAR'!$A$4:$A$12,0)) -> Posição 8 | G11: =IF(INDEX(PRODUTOS!$F$4:$F$63,MATCH($A11,PRODUTOS!$B$4:$B$63,0))="Ração",INDEX('O QUE MOSTRAR'!$C$4:$C$12,MATCH($D11,'O QUE MOSTRAR'!$A$4:$A$12,0)),INDEX('O QUE MOSTRAR'!$D$4:$D$12,MATCH($D11,'O QUE MOSTRAR'!$A$4:$A$12,0))) -> Emocional / momento de uso (pet do porte certo, pote cheio) | H11: =INDEX('O QUE MOSTRAR'!$E$4:$E$12,MATCH($D11,'O QUE MOSTRAR'!$A$4:$A$12,0)) -> 2000 × 2000 | I11: =INDEX('O QUE MOSTRAR'!$F$4:$F$12,MATCH($D11,'O QUE MOSTRAR'!$A$4:$A$12,0)) -> Recomendada | J11: Pendente
A12: 7898968541504 | B12: =INDEX(PRODUTOS!$E$4:$E$63,MATCH($A12,PRODUTOS!$B$4:$B$63,0)) -> New Dots Ração Seca Premium para Cães Adultos - 15 kg | C12: =INDEX(PRODUTOS!$G$4:$G$63,MATCH($A12,PRODUTOS!$B$4:$B$63,0)) -> 15 kg | D12: PT08 | E12: =$A12&"."&$D12&".jpg" -> 7898968541504.PT08.jpg | F12: =INDEX('O QUE MOSTRAR'!$B$4:$B$12,MATCH($D12,'O QUE MOSTRAR'!$A$4:$A$12,0)) -> Posição 9 | G12: =IF(INDEX(PRODUTOS!$F$4:$F$63,MATCH($A12,PRODUTOS!$B$4:$B$63,0))="Ração",INDEX('O QUE MOSTRAR'!$C$4:$C$12,MATCH($D12,'O QUE MOSTRAR'!$A$4:$A$12,0)),INDEX('O QUE MOSTRAR'!$D$4:$D$12,MATCH($D12,'O QUE MOSTRAR'!$A$4:$A$12,0))) -> Linha da marca ou embalagem anterior × nova | H12: =INDEX('O QUE MOSTRAR'!$E$4:$E$12,MATCH($D12,'O QUE MOSTRAR'!$A$4:$A$12,0)) -> 2000 × 2000 | I12: =INDEX('O QUE MOSTRAR'!$F$4:$F$12,MATCH($D12,'O QUE MOSTRAR'!$A$4:$A$12,0)) -> Recomendada | J12: Pendente
A13: 7908591301144 | B13: =INDEX(PRODUTOS!$E$4:$E$63,MATCH($A13,PRODUTOS!$B$4:$B$63,0)) -> New Dots Ração Seca Premium para Cães Adultos - 10,1 kg | C13: =INDEX(PRODUTOS!$G$4:$G$63,MATCH($A13,PRODUTOS!$B$4:$B$63,0)) -> 10,1 kg | D13: MAIN | E13: =$A13&"."&$D13&".jpg" -> 7908591301144.MAIN.jpg | F13: =INDEX('O QUE MOSTRAR'!$B$4:$B$12,MATCH($D13,'O QUE MOSTRAR'!$A$4:$A$12,0)) -> Capa (posição 1) | G13: =IF(INDEX(PRODUTOS!$F$4:$F$63,MATCH($A13,PRODUTOS!$B$4:$B$63,0))="Ração",INDEX('O QUE MOSTRAR'!$C$4:$C$12,MATCH($D13,'O QUE MOSTRAR'!$A$4:$A$12,0)),INDEX('O QUE MOSTRAR'!$D$4:$D$12,MATCH($D13,'O QUE MOSTRAR'!$A$4:$A$12,0))) -> Embalagem de frente, fundo branco puro, 85% da área, nada adicionado | H13: =INDEX('O QUE MOSTRAR'!$E$4:$E$12,MATCH($D13,'O QUE MOSTRAR'!$A$4:$A$12,0)) -> 2000 × 2000 | I13: =INDEX('O QUE MOSTRAR'!$F$4:$F$12,MATCH($D13,'O QUE MOSTRAR'!$A$4:$A$12,0)) -> SIM | J13: Pendente
A14: 7908591301144 | B14: =INDEX(PRODUTOS!$E$4:$E$63,MATCH($A14,PRODUTOS!$B$4:$B$63,0)) -> New Dots Ração Seca Premium para Cães Adultos - 10,1 kg | C14: =INDEX(PRODUTOS!$G$4:$G$63,MATCH($A14,PRODUTOS!$B$4:$B$63,0)) -> 10,1 kg | D14: PT01 | E14: =$A14&"."&$D14&".jpg" -> 7908591301144.PT01.jpg | F14: =INDEX('O QUE MOSTRAR'!$B$4:$B$12,MATCH($D14,'O QUE MOSTRAR'!$A$4:$A$12,0)) -> Posição 2 | G14: =IF(INDEX(PRODUTOS!$F$4:$F$63,MATCH($A14,PRODUTOS!$B$4:$B$63,0))="Ração",INDEX('O QUE MOSTRAR'!$C$4:$C$12,MATCH($D14,'O QUE MOSTRAR'!$A$4:$A$12,0)),INDEX('O QUE MOSTRAR'!$D$4:$D$12,MATCH($D14,'O QUE MOSTRAR'!$A$4:$A$12,0))) -> Grande diferencial da linha (número ou promessa forte + grão e ingrediente) | H14: =INDEX('O QUE MOSTRAR'!$E$4:$E$12,MATCH($D14,'O QUE MOSTRAR'!$A$4:$A$12,0)) -> 2000 × 2000 | I14: =INDEX('O QUE MOSTRAR'!$F$4:$F$12,MATCH($D14,'O QUE MOSTRAR'!$A$4:$A$12,0)) -> SIM | J14: Pendente
A15: 7908591301144 | B15: =INDEX(PRODUTOS!$E$4:$E$63,MATCH($A15,PRODUTOS!$B$4:$B$63,0)) -> New Dots Ração Seca Premium para Cães Adultos - 10,1 kg | C15: =INDEX(PRODUTOS!$G$4:$G$63,MATCH($A15,PRODUTOS!$B$4:$B$63,0)) -> 10,1 kg | D15: PT02 | E15: =$A15&"."&$D15&".jpg" -> 7908591301144.PT02.jpg | F15: =INDEX('O QUE MOSTRAR'!$B$4:$B$12,MATCH($D15,'O QUE MOSTRAR'!$A$4:$A$12,0)) -> Posição 3 | G15: =IF(INDEX(PRODUTOS!$F$4:$F$63,MATCH($A15,PRODUTOS!$B$4:$B$63,0))="Ração",INDEX('O QUE MOSTRAR'!$C$4:$C$12,MATCH($D15,'O QUE MOSTRAR'!$A$4:$A$12,0)),INDEX('O QUE MOSTRAR'!$D$4:$D$12,MATCH($D15,'O QUE MOSTRAR'!$A$4:$A$12,0))) -> Benefícios com ícones (4 a 6, impressos na embalagem) + ingrediente | H15: =INDEX('O QUE MOSTRAR'!$E$4:$E$12,MATCH($D15,'O QUE MOSTRAR'!$A$4:$A$12,0)) -> 2000 × 2000 | I15: =INDEX('O QUE MOSTRAR'!$F$4:$F$12,MATCH($D15,'O QUE MOSTRAR'!$A$4:$A$12,0)) -> SIM | J15: Pendente
... A543: 7898968541979 | B543: =INDEX(PRODUTOS!$E$4:$E$63,MATCH($A543,PRODUTOS!$B$4:$B$63,0)) -> Tapete Higiênico Natural Dots Super Premium 80 x 60 cm com 7 Unidades | C543: =INDEX(PRODUTOS!$G$4:$G$63,MATCH($A543,PRODUTOS!$B$4:$B$63,0)) -> 7 un. | D543: PT08 | E543: =$A543&"."&$D543&".jpg" -> 7898968541979.PT08.jpg | F543: =INDEX('O QUE MOSTRAR'!$B$4:$B$12,MATCH($D543,'O QUE MOSTRAR'!$A$4:$A$12,0)) -> Posição 9 | G543: =IF(INDEX(PRODUTOS!$F$4:$F$63,MATCH($A543,PRODUTOS!$B$4:$B$63,0))="Ração",INDEX('O QUE MOSTRAR'!$C$4:$C$12,MATCH($D543,'O QUE MOSTRAR'!$A$4:$A$12,0)),INDEX('O QUE MOSTRAR'!$D$4:$D$12,MATCH($D543,'O QUE MOSTRAR'!$A$4:$A$12,0))) -> Linha da marca ("conheça também") | H543: =INDEX('O QUE MOSTRAR'!$E$4:$E$12,MATCH($D543,'O QUE MOSTRAR'!$A$4:$A$12,0)) -> 2000 × 2000 | I543: =INDEX('O QUE MOSTRAR'!$F$4:$F$12,MATCH($D543,'O QUE MOSTRAR'!$A$4:$A$12,0)) -> Recomendada | J543: Pendente

Sheet O QUE MOSTRAR
A1: O que mostrar em cada imagem do anúncio
A2: Consulta. As imagens de exemplo estão no Guia de Imagens do Anúncio.
A3: Código | B3: Onde entra | C3: O que mostrar · Ração | D3: O que mostrar · Petiscos e higiene | E3: Tamanho (px) | F3: Obrigatória?
A4: MAIN | B4: Capa (posição 1) | C4: Embalagem de frente, fundo branco puro, 85% da área, nada adicionado | D4: Embalagem de frente, fundo branco puro, 85% da área, nada adicionado | E4: 2000 × 2000 | F4: SIM
A5: PT01 | B5: Posição 2 | C5: Grande diferencial da linha (número ou promessa forte + grão e ingrediente) | D5: Grande diferencial (ex.: natural, biodegradável, perfumado) | E5: 2000 × 2000 | F5: SIM
A6: PT02 | B6: Posição 3 | C6: Benefícios com ícones (4 a 6, impressos na embalagem) + ingrediente | D6: Benefícios com ícones (4 a 6, impressos na embalagem) | E6: 2000 × 2000 | F6: SIM
A7: PT03 | B7: Posição 4 | C7: Formato e tamanho do grão, com medida em mm e referência de tamanho | D7: Detalhe e tamanho real (petisco, grânulo ou tapete aberto), com medidas | E7: 2000 × 2000 | F7: SIM
A8: PT04 | B8: Posição 5 | C8: Quantidade diária por peso do pet (números idênticos à embalagem) | D8: Modo de uso (como oferecer o petisco / como usar o produto) | E8: 2000 × 2000 | F8: SIM
A9: PT05 | B9: Posição 6 | C9: Transição alimentar dia a dia (igual ao verso da embalagem) | D9: Quantidade por dia ou rendimento do pacote | E9: 2000 × 2000 | F9: Recomendada
A10: PT06 | B10: Posição 7 | C10: Composição e níveis de garantia em letra grande | D10: Composição/níveis de garantia (petiscos) ou especificações (higiene) | E10: 2000 × 2000 | F10: SIM
A11: PT07 | B11: Posição 8 | C11: Emocional / momento de uso (pet do porte certo, pote cheio) | D11: Emocional / momento de uso | E11: 2000 × 2000 | F11: Recomendada
A12: PT08 | B12: Posição 9 | C12: Linha da marca ou embalagem anterior × nova | D12: Linha da marca ("conheça também") | E12: 2000 × 2000 | F12: Recomendada
